age,male_death
20,0.00052
21,0.00044
22,0.00042
23,0.00036
24,0.0003
25,0.00026
26,0.00023
27,0.0002
28,0.00017
29,0.00016
30,0.00015
31,0.00013
32,0.00013
33,0.00013
34,0.00014
35,0.00014
36,0.00014
37,0.00014
38,0.00014
39,0.00014
40,0.00015
41,0.00017
42,0.0002
43,0.00023
44,0.00027
45,0.00031
46,0.00035
47,0.00039
48,0.00042
49,0.00044
50,0.00045